<?xml version="1.0" encoding="UTF-8"?>
<metadata xml:lang="zh"><Esri><CreaDate>20200211</CreaDate><CreaTime>20520000</CreaTime><ArcGISFormat>1.0</ArcGISFormat><SyncOnce>TRUE</SyncOnce><DataProperties><itemProps><itemLocation><linkage Sync="TRUE">file://\\DESKTOP-904K48M\C$\Users\XXLL\Desktop\资料\行政边界\中国各级行政区边界（shp格式）\行政边界_省级</linkage><protocol Sync="TRUE">Local Area Network</protocol></itemLocation></itemProps><copyHistory><copy source="C:\Users\XXLL\Desktop\资料\行政边界\行政区边界shp_省级\行政边界_省级" dest="\\DESKTOP-904K48M\C$\Users\XXLL\Desktop\资料\行政边界\中国各级行政区边界（shp格式）\行政边界_省级" date="20200211" time="20520000"></copy></copyHistory></DataProperties></Esri></metadata>
